client_id,round,offset,delay,elapsed,reference_time,time_source
1,1,-0.039871931076049805,0.0007448196411132812,0.044038000000000466,1775141533.08071,ntp:time.google.com
1,2,-0.039958953857421875,0.0009999275207519531,1.0807605999998486,1775141534.1172,ntp:time.google.com
1,3,-0.03963422775268555,0.0013890266418457031,2.1100280999999086,1775141535.1465924,ntp:time.google.com
1,4,-0.0399705171585083,0.0009629726409912109,3.1375498000015796,1775141536.1740143,ntp:time.google.com
1,5,-0.04003453254699707,0.0011911392211914062,4.161847299999863,1775141537.198145,ntp:time.google.com
1,6,-0.04025733470916748,0.00028061866760253906,5.166357500000231,1775141538.202926,ntp:time.google.com
1,7,-0.04016828536987305,0.0007753372192382812,6.2079061000004,1775141539.2442985,ntp:time.google.com
1,8,-0.04016721248626709,0.0004627704620361328,7.227796300001501,1775141540.2643905,ntp:time.google.com
1,9,-0.04035544395446777,0.0005445480346679688,8.250630500000625,1775141541.2869678,ntp:time.google.com
1,10,-0.040059566497802734,0.0012087821960449219,9.290777700000035,1775141542.3270943,ntp:time.google.com
1,11,-0.040076613426208496,0.0007350444793701172,10.300891599999886,1775141543.3374617,ntp:time.google.com
1,12,-0.04015958309173584,0.0009634494781494141,11.324544200000673,1775141544.3609035,ntp:time.google.com
1,13,-0.04013383388519287,0.0006310939788818359,12.33314480000081,1775141545.3697317,ntp:time.google.com
1,14,-0.04031252861022949,0.0009627342224121094,13.361514400001397,1775141546.3977437,ntp:time.google.com
1,15,-0.0402374267578125,0.0006890296936035156,14.387919300001158,1775141547.4243815,ntp:time.google.com
1,16,-0.04011642932891846,0.0010564327239990234,15.410673500000485,1775141548.447072,ntp:time.google.com
1,17,-0.04013514518737793,0.0010671615600585938,16.434478400000444,1775141549.4708426,ntp:time.google.com
1,18,-0.04011058807373047,0.0010519027709960938,17.46578800000134,1775141550.502214,ntp:time.google.com
1,19,-0.040234923362731934,0.001108407974243164,18.498476500000834,1775141551.5347598,ntp:time.google.com
1,20,-0.04030489921569824,0.0006461143493652344,19.51791200000116,1775141552.5543761,ntp:time.google.com
2,1,-0.03972625732421875,0.0011196136474609375,0.03335280000101193,1775141533.0818164,ntp:time.google.com
2,2,-0.039848923683166504,0.0010144710540771484,1.0737007000006997,1775141534.1220727,ntp:time.google.com
2,3,-0.039961814880371094,0.0009622573852539062,2.105075900000884,1775141535.1533718,ntp:time.google.com
2,4,-0.040038228034973145,0.0007569789886474609,3.1304486000008183,1775141536.1787877,ntp:time.google.com
2,5,-0.04005157947540283,0.0011284351348876953,4.163840100000016,1775141537.2119792,ntp:time.google.com
2,6,-0.0401684045791626,0.0009415149688720703,5.186882500000138,1775141538.2350059,ntp:time.google.com
2,7,-0.04031217098236084,0.0005042552947998047,6.199300899999798,1775141539.2475252,ntp:time.google.com
2,8,-0.04027104377746582,0.0002827644348144531,7.214938099999927,1775141540.2633436,ntp:time.google.com
2,9,-0.03998827934265137,0.0009584426879882812,8.237672999999631,1775141541.2860172,ntp:time.google.com
2,10,-0.03979170322418213,0.001535177230834961,9.269719500000065,1775141542.317952,ntp:time.google.com
2,11,-0.04040086269378662,0.0005667209625244141,10.278023700000631,1775141543.3261485,ntp:time.google.com
2,12,-0.0400768518447876,0.0010764598846435547,11.309255699999994,1775141544.3574758,ntp:time.google.com
2,13,-0.03991866111755371,0.0010161399841308594,12.320191599999816,1775141545.3686285,ntp:time.google.com
2,14,-0.04007303714752197,0.0010654926300048828,13.344101000000592,1775141546.3923557,ntp:time.google.com
2,15,-0.04020869731903076,0.0006005764007568359,14.351869899999656,1775141547.4001706,ntp:time.google.com
2,16,-0.03972160816192627,0.0018393993377685547,15.380498500000613,1775141548.4287255,ntp:time.google.com
2,17,-0.040175676345825195,0.0007724761962890625,16.407492100001036,1775141549.4558372,ntp:time.google.com
2,18,-0.04004395008087158,0.001180410385131836,17.440093799999886,1775141550.4883552,ntp:time.google.com
2,19,-0.04023849964141846,0.0007402896881103516,18.47055139999975,1775141551.5188534,ntp:time.google.com
2,20,-0.039974331855773926,0.0011937618255615234,19.502356099999815,1775141552.5507076,ntp:time.google.com
3,1,-0.04005396366119385,0.00040602684020996094,0.02876720000131172,1775141533.0789106,ntp:time.google.com
3,2,-0.03976762294769287,0.001486063003540039,1.0606523000005836,1775141534.11054,ntp:time.google.com
3,3,-0.039886474609375,0.0010471343994140625,2.094298699999854,1775141535.1442938,ntp:time.google.com
3,4,-0.03991079330444336,0.0009298324584960938,3.1072571000004245,1775141536.1572847,ntp:time.google.com
3,5,-0.0401991605758667,0.0008695125579833984,4.118006500000774,1775141537.1677904,ntp:time.google.com
3,6,-0.04024708271026611,0.0006921291351318359,5.129008900001281,1775141538.1788557,ntp:time.google.com
3,7,-0.04014003276824951,0.0010044574737548828,6.153973700000279,1775141539.2037706,ntp:time.google.com
3,8,-0.04005885124206543,0.000759124755859375,7.163612000000285,1775141540.213646,ntp:time.google.com
3,9,-0.04022824764251709,0.00032973289489746094,8.184440400000312,1775141541.234543,ntp:time.google.com
3,10,-0.04016423225402832,0.0005841255187988281,9.217887099999643,1775141542.2679188,ntp:time.google.com
3,11,-0.04008066654205322,0.0010707378387451172,10.253932300000088,1775141543.303792,ntp:time.google.com
3,12,-0.04024708271026611,0.0002715587615966797,11.272960100001,1775141544.3231,ntp:time.google.com
3,13,-0.04019796848297119,0.00042891502380371094,12.278742200000124,1775141545.3288505,ntp:time.google.com
3,14,-0.040186405181884766,0.0008325576782226562,13.313315800000055,1775141546.3632348,ntp:time.google.com
3,15,-0.04017770290374756,0.001264810562133789,14.342193300000872,1775141547.3919168,ntp:time.google.com
3,16,-0.04028797149658203,0.0006222724914550781,15.360158600000432,1775141548.4100962,ntp:time.google.com
3,17,-0.04009699821472168,0.0011396408081054688,16.38807000000088,1775141549.4379418,ntp:time.google.com
3,18,-0.04000365734100342,0.001313924789428711,17.4246105000002,1775141550.474496,ntp:time.google.com
3,19,-0.039978742599487305,0.0013408660888671875,18.455264199999874,1775141551.5051744,ntp:time.google.com
3,20,-0.04011678695678711,0.001506805419921875,19.48528450000049,1775141552.535026,ntp:time.google.com
4,1,-0.0435791015625,0.007280826568603516,0.05133589999968535,1775141533.1177263,ntp:time.google.com
4,2,-0.03982686996459961,0.0011334419250488281,1.0851404999993974,1775141534.1583428,ntp:time.google.com
4,3,-0.03985023498535156,0.0011625289916992188,2.116080100000545,1775141535.1892486,ntp:time.google.com
4,4,-0.04002988338470459,0.0005242824554443359,3.142445499999667,1775141536.2157938,ntp:time.google.com
4,5,-0.040105581283569336,0.0008330345153808594,4.171622100000604,1775141537.244743,ntp:time.google.com
4,6,-0.04028749465942383,0.0003876686096191406,5.1904042999995,1775141538.2635784,ntp:time.google.com
4,7,-0.040242791175842285,0.00037550926208496094,6.207325200000923,1775141539.2805593,ntp:time.google.com
4,8,-0.04019451141357422,0.0005888938903808594,7.235120800000004,1775141540.3083124,ntp:time.google.com
4,9,-0.040215134620666504,0.0006778240203857422,8.257400599999528,1775141541.330519,ntp:time.google.com
4,10,-0.03984963893890381,0.0016753673553466797,9.292704999999842,1775141542.3656847,ntp:time.google.com
4,11,-0.040074944496154785,0.0009748935699462891,10.320265399999698,1775141543.3933954,ntp:time.google.com
4,12,-0.040190696716308594,0.0008378028869628906,11.3284807,1775141544.4015696,ntp:time.google.com
4,13,-0.0400846004486084,0.0007386207580566406,12.348614000000453,1775141545.4218915,ntp:time.google.com
4,14,-0.040064454078674316,0.000985860824584961,13.384664400000474,1775141546.457833,ntp:time.google.com
4,15,-0.04004096984863281,0.0009765625,14.414121699999669,1775141547.4873407,ntp:time.google.com
4,16,-0.04022359848022461,0.0004239082336425781,15.434146300000066,1775141548.5074797,ntp:time.google.com
4,17,-0.04002737998962402,0.0008769035339355469,16.446972199999436,1775141549.5202768,ntp:time.google.com
4,18,-0.04004204273223877,0.0010349750518798828,17.476214600001185,1775141550.549421,ntp:time.google.com
4,19,-0.040242552757263184,0.00043654441833496094,18.506402200000593,1775141551.57973,ntp:time.google.com
4,20,-0.040022850036621094,0.001377105712890625,19.53895399999965,1775141552.6120007,ntp:time.google.com
5,1,-0.04380679130554199,0.007986068725585938,0.021163999999771477,1775141533.1170475,ntp:time.google.com
5,2,-0.04000747203826904,0.0008237361907958984,1.0603123000000778,1775141534.1635547,ntp:time.google.com
5,3,-0.040006041526794434,0.0008885860443115234,2.090882500000589,1775141535.1941013,ntp:time.google.com
5,4,-0.03995788097381592,0.00046753883361816406,3.1168754999998782,1775141536.220399,ntp:time.google.com
5,5,-0.040160536766052246,0.0006330013275146484,4.144149800000378,1775141537.2473931,ntp:time.google.com
5,6,-0.0402296781539917,0.00039649009704589844,5.163408399999753,1775141538.2667124,ntp:time.google.com
5,7,-0.040045857429504395,0.0008151531219482422,6.194592300000295,1775141539.2978704,ntp:time.google.com
5,8,-0.04015958309173584,0.0005061626434326172,7.222961100000248,1775141540.3263001,ntp:time.google.com
5,9,-0.04010629653930664,0.0012993812561035156,8.251883799999632,1775141541.3548455,ntp:time.google.com
5,10,-0.04055166244506836,0.0009298324584960938,9.281826700000238,1775141542.384535,ntp:time.google.com
5,11,-0.040081024169921875,0.0010557174682617188,10.305791999999201,1775141543.408942,ntp:time.google.com
5,12,-0.03995358943939209,0.001363515853881836,11.314964999999575,1775141544.4181037,ntp:time.google.com
5,13,-0.04024767875671387,0.00031280517578125,12.333256800000527,1775141545.4366546,ntp:time.google.com
5,14,-0.03992259502410889,0.0012485980987548828,13.356837899998936,1775141546.4600875,ntp:time.google.com
5,15,-0.0401386022567749,0.0007498264312744141,14.385170300000027,1775141547.4884796,ntp:time.google.com
5,16,-0.04022347927093506,0.00048041343688964844,15.403595800000403,1775141548.5069664,ntp:time.google.com
5,17,-0.040045738220214844,0.0007462501525878906,16.411280599999372,1775141549.5147014,ntp:time.google.com
5,18,-0.04002070426940918,0.0009484291076660156,17.431667099999686,1775141550.5350041,ntp:time.google.com
5,19,-0.04012787342071533,0.0007483959197998047,18.465085899999394,1775141551.5684478,ntp:time.google.com
5,20,-0.03999793529510498,0.0012824535369873047,19.49362789999941,1775141552.5968368,ntp:time.google.com
6,1,-0.04442393779754639,0.008813142776489258,0.03211109999938344,1775141533.137588,ntp:time.google.com
6,2,-0.03992295265197754,0.0010347366333007812,1.059228999998595,1775141534.1730742,ntp:time.google.com
6,3,-0.039849162101745605,0.001226663589477539,2.0889090999990003,1775141535.2027316,ntp:time.google.com
6,4,-0.04006671905517578,0.0003046989440917969,3.1182592999994085,1775141536.232379,ntp:time.google.com
6,5,-0.040219902992248535,0.0004284381866455078,4.136999599999399,1775141537.2509127,ntp:time.google.com
6,6,-0.0402834415435791,0.0003743171691894531,5.153775099999621,1775141538.267662,ntp:time.google.com
6,7,-0.04012024402618408,0.0006844997406005859,6.186147799999162,1775141539.300044,ntp:time.google.com
6,8,-0.04018819332122803,0.0004303455352783203,7.212415599999076,1775141540.3263953,ntp:time.google.com
6,9,-0.03990578651428223,0.0010728836059570312,8.243005099999209,1775141541.3569558,ntp:time.google.com
6,10,-0.04014229774475098,0.0008606910705566406,9.27492170000005,1775141542.3886898,ntp:time.google.com
6,11,-0.040077924728393555,0.0010733604431152344,10.297448299999814,1775141543.411226,ntp:time.google.com
6,12,-0.04009091854095459,0.0007097721099853516,11.325296399998479,1775141544.4392653,ntp:time.google.com
6,13,-0.04018044471740723,0.0004849433898925781,12.330586899999616,1775141545.4445891,ntp:time.google.com
6,14,-0.04017221927642822,0.0004298686981201172,13.358826299998327,1775141546.472886,ntp:time.google.com
6,15,-0.04017078876495361,0.0007002353668212891,14.387787499999831,1775141547.501705,ntp:time.google.com
6,16,-0.04018807411193848,0.0006728172302246094,15.408273399998507,1775141548.52219,ntp:time.google.com
6,17,-0.04026675224304199,0.0002818107604980469,16.415840099998604,1775141549.5298915,ntp:time.google.com
6,18,-0.04026293754577637,0.00072479248046875,17.44037109999954,1775141550.554206,ntp:time.google.com
6,19,-0.04026389122009277,0.0002989768981933594,18.468739699999787,1775141551.5828223,ntp:time.google.com
6,20,-0.04005551338195801,0.0011658668518066406,19.505502899999556,1775141552.619319,ntp:time.google.com
7,1,-0.04448127746582031,0.00896453857421875,0.05488189999960014,1775141533.1708312,ntp:time.google.com
7,2,-0.039907217025756836,0.0009169578552246094,1.0649995999992825,1775141534.1895325,ntp:time.google.com
7,3,-0.039903998374938965,0.0008790493011474609,2.09218730000066,1775141535.2167451,ntp:time.google.com
7,4,-0.03987562656402588,0.0007150173187255859,3.1254079999998794,1775141536.2501118,ntp:time.google.com
7,5,-0.0401688814163208,0.0007522106170654297,4.154093600000124,1775141537.2784848,ntp:time.google.com
7,6,-0.040238022804260254,0.0006325244903564453,5.162422899999001,1775141538.286812,ntp:time.google.com
7,7,-0.04026031494140625,0.0003986358642578125,6.188474500000666,1775141539.3129842,ntp:time.google.com
7,8,-0.04018843173980713,0.0004799365997314453,7.21626599999945,1775141540.3408217,ntp:time.google.com
7,9,-0.04001438617706299,0.0008008480072021484,8.236997099998916,1775141541.361569,ntp:time.google.com
7,10,-0.03993058204650879,0.0014939308166503906,9.274968800000352,1775141542.3992498,ntp:time.google.com
7,11,-0.04013526439666748,0.0005199909210205078,10.298670099999072,1775141543.4232864,ntp:time.google.com
7,12,-0.04016900062561035,0.00098419189453125,11.33195589999923,1775141544.4563017,ntp:time.google.com
7,13,-0.04015648365020752,0.0009758472442626953,12.36355899999944,1775141545.4879246,ntp:time.google.com
7,14,-0.040177106857299805,0.0004363059997558594,13.39480580000054,1775141546.519453,ntp:time.google.com
7,15,-0.04018568992614746,0.0004134178161621094,14.420457399999577,1775141547.545121,ntp:time.google.com
7,16,-0.040064334869384766,0.0011529922485351562,15.447847600000387,1775141548.5722334,ntp:time.google.com
7,17,-0.040016889572143555,0.0012149810791015625,16.473344300000463,1775141549.5977707,ntp:time.google.com
7,18,-0.03996729850769043,0.0013728141784667969,17.500720199999705,1775141550.6251101,ntp:time.google.com
7,19,-0.04042255878448486,0.0016696453094482422,18.534420699999828,1775141551.6582174,ntp:time.google.com
7,20,-0.04011690616607666,0.0007650852203369141,19.56485690000045,1775141552.689453,ntp:time.google.com
8,1,-0.043721675872802734,0.007800579071044922,0.04359870000007504,1775141533.1719358,ntp:time.google.com
8,2,-0.04001355171203613,0.0007576942443847656,1.0561437000014848,1775141534.1917062,ntp:time.google.com
8,3,-0.04001641273498535,0.0008683204650878906,2.0850775000017165,1775141535.2205734,ntp:time.google.com
8,4,-0.040049076080322266,0.0006508827209472656,3.1203901000008045,1775141536.2559953,ntp:time.google.com
8,5,-0.04020345211029053,0.0006449222564697266,4.144641900000352,1775141537.280113,ntp:time.google.com
8,6,-0.040223121643066406,0.0005507469177246094,5.175204000001031,1775141538.3107197,ntp:time.google.com
8,7,-0.04023909568786621,0.0002741813659667969,6.1814290000002075,1775141539.3170831,ntp:time.google.com
8,8,-0.04024100303649902,0.000408172607421875,7.205684600001405,1775141540.3412778,ntp:time.google.com
8,9,-0.04018402099609375,0.00044345855712890625,8.228341200001523,1775141541.363979,ntp:time.google.com
8,10,-0.04014408588409424,0.0009691715240478516,9.273616000000402,1775141542.4089875,ntp:time.google.com
8,11,-0.04014861583709717,0.0007731914520263672,10.30463150000105,1775141543.4401555,ntp:time.google.com
8,12,-0.040303707122802734,0.0002827644348144531,11.333117200001652,1775141544.4687438,ntp:time.google.com
8,13,-0.03991198539733887,0.0010933876037597656,12.357016300000396,1775141545.4926362,ntp:time.google.com
8,14,-0.04021859169006348,0.0003399848937988281,13.385517200000322,1775141546.521228,ntp:time.google.com
8,15,-0.04024231433868408,0.00037598609924316406,14.409980100001121,1775141547.545662,ntp:time.google.com
8,16,-0.04006397724151611,0.0012209415435791016,15.442335500001718,1775141548.5777278,ntp:time.google.com
8,17,-0.04003489017486572,0.001130819320678711,16.478235500000665,1775141549.6137354,ntp:time.google.com
8,18,-0.03995072841644287,0.0009696483612060547,17.50673750000169,1775141550.6424441,ntp:time.google.com
8,19,-0.04024159908294678,0.0005948543548583984,18.537401300000056,1775141551.6730018,ntp:time.google.com
8,20,-0.040253400802612305,0.0007290840148925781,19.56932230000166,1775141552.704862,ntp:time.google.com
9,1,-0.04369986057281494,0.007756471633911133,0.04577220000101079,1775141533.1844378,ntp:time.google.com
9,2,-0.040055274963378906,0.0004630088806152344,1.0722194999998464,1775141534.218187,ntp:time.google.com
9,3,-0.03988039493560791,0.0009963512420654297,2.1039605000005395,1775141535.249794,ntp:time.google.com
9,4,-0.0399479866027832,0.0011878013610839844,3.1358847999999853,1775141536.2815883,ntp:time.google.com
9,5,-0.04013693332672119,0.0006072521209716797,4.1452023000001645,1775141537.2910411,ntp:time.google.com
9,6,-0.0402684211730957,0.0003685951232910156,5.167805999999473,1775141538.313648,ntp:time.google.com
9,7,-0.04023182392120361,0.00028586387634277344,6.203777400000035,1775141539.3497028,ntp:time.google.com
9,8,-0.04000723361968994,0.001070261001586914,7.231975200000306,1775141540.3777292,ntp:time.google.com
9,9,-0.04026329517364502,0.0002467632293701172,8.247742300000027,1775141541.3936808,ntp:time.google.com
9,10,-0.04125034809112549,0.002397298812866211,9.274946999999884,1775141542.4187799,ntp:time.google.com
9,11,-0.04010140895843506,0.0008170604705810547,10.309360799999922,1775141543.4551954,ntp:time.google.com
9,12,-0.040267348289489746,0.0001914501190185547,11.341851200000747,1775141544.4878514,ntp:time.google.com
9,13,-0.0402907133102417,0.0005056858062744141,12.349348900001132,1775141545.4951599,ntp:time.google.com
9,14,-0.040198564529418945,0.0005831718444824219,13.37947019999956,1775141546.5253596,ntp:time.google.com
9,15,-0.0402909517288208,0.0002224445343017578,14.403932499999428,1775141547.5499249,ntp:time.google.com
9,16,-0.04018259048461914,0.0009579658508300781,15.438845099999526,1775141548.584548,ntp:time.google.com
9,17,-0.0400240421295166,0.0010056495666503906,16.47348890000103,1775141549.6193464,ntp:time.google.com
9,18,-0.04023253917694092,0.00048804283142089844,17.499929300000076,1775141550.645877,ntp:time.google.com
9,19,-0.04029715061187744,0.0007088184356689453,18.527366100001018,1775141551.673138,ntp:time.google.com
9,20,-0.04035031795501709,0.0005915164947509766,19.558006100000057,1775141552.703798,ntp:time.google.com
10,1,-0.043537139892578125,0.0069427490234375,0.054838400001244736,1775141533.2048562,ntp:time.google.com
10,2,-0.04004967212677002,0.00027108192443847656,1.073237100001279,1775141534.230094,ntp:time.google.com
10,3,-0.039959073066711426,0.0008871555328369141,2.0978392000015447,1775141535.2544477,ntp:time.google.com
10,4,-0.03993844985961914,0.0009837150573730469,3.128550500001438,1775141536.2851555,ntp:time.google.com
10,5,-0.040223121643066406,0.0005092620849609375,4.156845500001509,1775141537.3134365,ntp:time.google.com
10,6,-0.04022812843322754,0.0003676414489746094,5.186142300000938,1775141538.3428075,ntp:time.google.com
10,7,-0.040207743644714355,0.00042176246643066406,6.197763500000292,1775141539.3544378,ntp:time.google.com
10,8,-0.0401456356048584,0.0008573532104492188,7.222889900000155,1775141540.379404,ntp:time.google.com
10,9,-0.04031562805175781,0.000263214111328125,8.239122000000862,1775141541.395789,ntp:time.google.com
10,10,-0.040287017822265625,0.0007386207580566406,9.274153600001227,1775141542.430569,ntp:time.google.com
10,11,-0.0402226448059082,0.0007047653198242188,10.301030800001172,1775141543.4575596,ntp:time.google.com
10,12,-0.040268659591674805,0.00016689300537109375,11.33156340000096,1775141544.488358,ntp:time.google.com
10,13,-0.0400996208190918,0.00066375732421875,12.361863699999958,1775141545.5185823,ntp:time.google.com
10,14,-0.040108680725097656,0.0009107589721679688,13.3982442000015,1775141546.5548403,ntp:time.google.com
10,15,-0.04020333290100098,0.00045108795166015625,14.424633399999948,1775141547.581385,ntp:time.google.com
10,16,-0.04057419300079346,0.0014503002166748047,15.45511070000066,1775141548.610954,ntp:time.google.com
10,17,-0.040050625801086426,0.001108407974243164,16.489204800000152,1775141549.6457665,ntp:time.google.com
10,18,-0.040054917335510254,0.0010721683502197266,17.522947500001465,1775141550.6795595,ntp:time.google.com
10,19,-0.04029977321624756,0.00044226646423339844,18.545993600000656,1775141551.7026916,ntp:time.google.com
10,20,-0.04008650779724121,0.0012698173522949219,19.577784700000848,1775141552.7342424,ntp:time.google.com
11,1,-0.04503440856933594,0.009942054748535156,0.05474610000055691,1775141533.213727,ntp:time.google.com
11,2,-0.0398174524307251,0.0010979175567626953,1.0811293999995542,1775141534.2497241,ntp:time.google.com
11,3,-0.03994178771972656,0.0010409355163574219,2.095123200000671,1775141535.263623,ntp:time.google.com
11,4,-0.03981590270996094,0.0011782646179199219,3.128259799999796,1775141536.2968428,ntp:time.google.com
11,5,-0.04024219512939453,0.0005602836608886719,4.162003800000093,1775141537.3305035,ntp:time.google.com
11,6,-0.04026508331298828,0.0003638267517089844,5.188963000000513,1775141538.3575485,ntp:time.google.com
11,7,-0.04022681713104248,0.0003268718719482422,6.194513899999947,1775141539.363174,ntp:time.google.com
11,8,-0.04010796546936035,0.0011262893676757812,7.22381040000073,1775141540.3921683,ntp:time.google.com
11,9,-0.04027724266052246,0.00032711029052734375,8.240339800000584,1775141541.4089577,ntp:time.google.com
11,10,-0.04030895233154297,0.0007457733154296875,9.276261999999406,1775141542.4446018,ntp:time.google.com
11,11,-0.04017019271850586,0.0008378028869628906,10.301554199999373,1775141543.4700336,ntp:time.google.com
11,12,-0.04026591777801514,0.00021719932556152344,11.320667300000423,1775141544.4893987,ntp:time.google.com
11,13,-0.0401073694229126,0.0006105899810791016,12.351580300000933,1775141545.520279,ntp:time.google.com
11,14,-0.04020988941192627,0.0005557537078857422,13.38646030000018,1775141546.5550892,ntp:time.google.com
11,15,-0.04015088081359863,0.0005507469177246094,14.409369500001048,1775141547.5780637,ntp:time.google.com
11,16,-0.04010188579559326,0.0011975765228271484,15.436959599999682,1775141548.6053524,ntp:time.google.com
11,17,-0.040094733238220215,0.0010645389556884766,16.457422100000258,1775141549.6259227,ntp:time.google.com
11,18,-0.040039896965026855,0.0007483959197998047,17.488601999999446,1775141550.6573458,ntp:time.google.com
11,19,-0.04016244411468506,0.0008060932159423828,18.51939130000028,1775141551.6879942,ntp:time.google.com
11,20,-0.040329575538635254,0.0007250308990478516,19.548250600000756,1775141552.7167013,ntp:time.google.com
12,1,-0.04449105262756348,0.008870601654052734,0.04461049999918032,1775141533.2153187,ntp:time.google.com
12,2,-0.04006516933441162,0.0005166530609130859,1.074862999999823,1775141534.2541857,ntp:time.google.com
12,3,-0.039934396743774414,0.0006532669067382812,2.101610100000471,1775141535.2810063,ntp:time.google.com
12,4,-0.039850711822509766,0.0011548995971679688,3.1358631999992213,1775141536.3150747,ntp:time.google.com
12,5,-0.040174007415771484,0.0005936622619628906,4.166478699999061,1775141537.3456833,ntp:time.google.com
12,6,-0.0402369499206543,0.000598907470703125,5.183523399999103,1775141538.362673,ntp:time.google.com
12,7,-0.04031848907470703,0.0003552436828613281,6.190831199999593,1775141539.3700368,ntp:time.google.com
12,8,-0.04016995429992676,0.0009465217590332031,7.218776800000342,1775141540.397817,ntp:time.google.com
12,9,-0.04029417037963867,0.0003533363342285156,8.233241399999315,1775141541.4124804,ntp:time.google.com
12,10,-0.039768218994140625,0.0019016265869140625,9.28265040000042,1775141542.4616144,ntp:time.google.com
12,11,-0.04025530815124512,0.000377655029296875,10.292762400000356,1775141543.47206,ntp:time.google.com
12,12,-0.040260910987854004,0.00022864341735839844,11.311566000000312,1775141544.4909573,ntp:time.google.com
12,13,-0.040251851081848145,0.0005528926849365234,12.343514099999084,1775141545.5227337,ntp:time.google.com
12,14,-0.04021155834197998,0.0005896091461181641,13.378379800000403,1775141546.5576494,ntp:time.google.com
12,15,-0.04026448726654053,0.0003116130828857422,14.403048099999069,1775141547.5824149,ntp:time.google.com
12,16,-0.04028439521789551,0.0006737709045410156,15.435336099999404,1775141548.6144817,ntp:time.google.com
12,17,-0.04020071029663086,0.001392364501953125,16.46678669999892,1775141549.6456692,ntp:time.google.com
12,18,-0.04007863998413086,0.0012493133544921875,17.49682969999958,1775141550.6759026,ntp:time.google.com
12,19,-0.04032003879547119,0.0003407001495361328,18.519865399999617,1775141551.699199,ntp:time.google.com
12,20,-0.04003727436065674,0.001271963119506836,19.542485300000408,1775141552.721634,ntp:time.google.com
13,1,-0.043592095375061035,0.007345438003540039,0.043895700000575744,1775141533.2280989,ntp:time.google.com
13,2,-0.040033817291259766,0.0005369186401367188,1.0751923999996507,1775141534.266359,ntp:time.google.com
13,3,-0.040062665939331055,0.0004429817199707031,2.107340500000646,1775141535.2985477,ntp:time.google.com
13,4,-0.03986680507659912,0.0008623600006103516,3.14589370000067,1775141536.3370779,ntp:time.google.com
13,5,-0.04009366035461426,0.0010409355163574219,4.17611510000097,1775141537.366984,ntp:time.google.com
13,6,-0.0402071475982666,0.0004506111145019531,5.200939700000163,1775141538.3920298,ntp:time.google.com
13,7,-0.04028749465942383,0.0002999305725097656,6.232348600000478,1775141539.423447,ntp:time.google.com
13,8,-0.0400923490524292,0.0011265277862548828,7.260447500000737,1775141540.451296,ntp:time.google.com
13,9,-0.04031217098236084,0.00045943260192871094,8.285643799999889,1775141541.4766064,ntp:time.google.com
13,10,-0.04019176959991455,0.0014426708221435547,9.309696000000258,1775141542.5002973,ntp:time.google.com
13,11,-0.040282249450683594,0.0010633468627929688,10.340834599999653,1775141543.5315874,ntp:time.google.com
13,12,-0.04015493392944336,0.0010967254638671875,11.375607100000707,1775141544.5664642,ntp:time.google.com
13,13,-0.040126681327819824,0.0006000995635986328,12.403088200000639,1775141545.5942423,ntp:time.google.com
13,14,-0.040197014808654785,0.0005486011505126953,13.431958799999848,1775141546.6230955,ntp:time.google.com
13,15,-0.04023861885070801,0.0005321502685546875,14.450357199999416,1775141547.64146,ntp:time.google.com
13,16,-0.04020094871520996,0.0004153251647949219,15.481651399999464,1775141548.6728628,ntp:time.google.com
13,17,-0.04019272327423096,0.0005896091461181641,16.51184210000065,1775141549.7029922,ntp:time.google.com
13,18,-0.03994560241699219,0.0014295578002929688,17.545904399999927,1775141550.7368526,ntp:time.google.com
13,19,-0.04018235206604004,0.0003895759582519531,18.574556699999448,1775141551.76584,ntp:time.google.com
13,20,-0.04021120071411133,0.0005817413330078125,19.583964699999342,1775141552.775126,ntp:time.google.com
14,1,-0.04404008388519287,0.008218526840209961,0.03838819999873522,1775141533.2270029,ntp:time.google.com
14,2,-0.039938926696777344,0.0008230209350585938,1.0677531000001181,1775141534.2641723,ntp:time.google.com
14,3,-0.04003310203552246,0.0005350112915039062,2.100397799998973,1775141535.2968812,ntp:time.google.com
14,4,-0.03986155986785889,0.0011627674102783203,3.134775200000149,1775141536.3311012,ntp:time.google.com
14,5,-0.040186285972595215,0.0008332729339599609,4.166414499999519,1775141537.3625968,ntp:time.google.com
14,6,-0.04017198085784912,0.0006606578826904297,5.192401799999061,1775141538.3887177,ntp:time.google.com
14,7,-0.04018056392669678,0.0003979206085205078,6.208575299999211,1775141539.40503,ntp:time.google.com
14,8,-0.040047526359558105,0.0011432170867919922,7.230539799998951,1775141540.426709,ntp:time.google.com
14,9,-0.039961934089660645,0.0013072490692138672,8.254476199999772,1775141541.450679,ntp:time.google.com
14,10,-0.039575815200805664,0.0021486282348632812,9.276734399998531,1775141542.4728858,ntp:time.google.com
14,11,-0.040169358253479004,0.0008060932159423828,10.29641619999893,1775141543.4926956,ntp:time.google.com
14,12,-0.04029715061187744,0.00033783912658691406,11.303381799998533,1775141544.4997923,ntp:time.google.com
14,13,-0.040232181549072266,0.00051116943359375,12.33498629999849,1775141545.5313752,ntp:time.google.com
14,14,-0.04033839702606201,0.00032639503479003906,13.365161300000182,1775141546.5615618,ntp:time.google.com
14,15,-0.04027378559112549,0.00030732154846191406,14.396404699999039,1775141547.5928874,ntp:time.google.com
14,16,-0.04006838798522949,0.000835418701171875,15.431742499999018,1775141548.6281817,ntp:time.google.com
14,17,-0.04013550281524658,0.0010712146759033203,16.452739799999108,1775141549.648977,ntp:time.google.com
14,18,-0.04022502899169922,0.0006203651428222656,17.487600700000257,1775141550.6839964,ntp:time.google.com
14,19,-0.04026079177856445,0.0003666877746582031,18.50736340000003,1775141551.7038782,ntp:time.google.com
14,20,-0.04012036323547363,0.00119781494140625,19.54346599999917,1775141552.7396693,ntp:time.google.com
15,1,-0.043016910552978516,0.006197929382324219,0.04462700000112818,1775141533.250311,ntp:time.google.com
15,2,-0.03994333744049072,0.0009157657623291016,1.0723723999999493,1775141534.283783,ntp:time.google.com
15,3,-0.03998887538909912,0.0006330013275146484,2.098832499999844,1775141535.310359,ntp:time.google.com
15,4,-0.03992044925689697,0.0014421939849853516,3.128760499999771,1775141536.3399339,ntp:time.google.com
15,5,-0.040186405181884766,0.0008931159973144531,4.159851800000979,1775141537.3710594,ntp:time.google.com
15,6,-0.04023432731628418,0.0003948211669921875,5.180007799999657,1775141538.391446,ntp:time.google.com
15,7,-0.04024994373321533,0.0003345012664794922,6.207966900001338,1775141539.4194274,ntp:time.google.com
15,8,-0.0400998592376709,0.0014801025390625,7.234944200001337,1775141540.4459617,ntp:time.google.com
15,9,-0.040154218673706055,0.0011281967163085938,8.247093400001177,1775141541.4582338,ntp:time.google.com
15,10,-0.03919792175292969,0.0030775070190429688,9.277459800001452,1775141542.4885747,ntp:time.google.com
15,11,-0.04026913642883301,0.0007152557373046875,10.305928100000529,1775141543.5171967,ntp:time.google.com
15,12,-0.04008448123931885,0.0009114742279052734,11.33437750000121,1775141544.5457397,ntp:time.google.com
15,13,-0.04029691219329834,0.0006372928619384766,12.36009809999996,1775141545.5713844,ntp:time.google.com
15,14,-0.040134429931640625,0.0010113716125488281,13.383946800000558,1775141546.5952263,ntp:time.google.com
15,15,-0.04025256633758545,0.0004055500030517578,14.393434400000842,1775141547.6049225,ntp:time.google.com
15,16,-0.04022204875946045,0.0005152225494384766,15.41714359999969,1775141548.6286387,ntp:time.google.com
15,17,-0.04007613658905029,0.0010945796966552734,16.44892550000077,1775141549.6602612,ntp:time.google.com
15,18,-0.04000592231750488,0.0011591911315917969,17.477974000001268,1775141550.689358,ntp:time.google.com
15,19,-0.04034292697906494,0.00036025047302246094,18.506559700001162,1775141551.7180312,ntp:time.google.com
15,20,-0.040357232093811035,0.0007674694061279297,19.543651600000885,1775141552.7548866,ntp:time.google.com
16,1,-0.042945265769958496,0.00583195686340332,0.05368309999903431,1775141533.2716753,ntp:time.google.com
16,2,-0.04000067710876465,0.0007572174072265625,1.0630954999996902,1775141534.2865613,ntp:time.google.com
16,3,-0.04001796245574951,0.0004661083221435547,2.0913188999984413,1775141535.3149376,ntp:time.google.com
16,4,-0.04011046886444092,0.0005376338958740234,3.119879199999559,1775141536.343374,ntp:time.google.com
16,5,-0.04010927677154541,0.0008313655853271484,4.150942099999156,1775141537.374282,ntp:time.google.com
16,6,-0.040222883224487305,0.0004267692565917969,5.185412399998313,1775141538.4088664,ntp:time.google.com
16,7,-0.04026949405670166,0.00021719932556152344,6.2116090999988955,1775141539.4351466,ntp:time.google.com
16,8,-0.040083885192871094,0.0011491775512695312,7.247311999999511,1775141540.4705415,ntp:time.google.com
16,9,-0.04012107849121094,0.00128173828125,8.274124499999743,1775141541.4972417,ntp:time.google.com
16,10,-0.040059685707092285,0.0010006427764892578,9.287123399999473,1775141542.5104442,ntp:time.google.com
16,11,-0.0400012731552124,0.0008647441864013672,10.312629000000015,1775141543.5361352,ntp:time.google.com
16,12,-0.04005098342895508,0.0010957717895507812,11.348041599998396,1775141544.5713818,ntp:time.google.com
16,13,-0.04021573066711426,0.000629425048828125,12.375335599999744,1775141545.59877,ntp:time.google.com
16,14,-0.04020214080810547,0.00044918060302734375,13.401950999999826,1775141546.6255138,ntp:time.google.com
16,15,-0.04023337364196777,0.0005192756652832031,14.430287399998633,1775141547.653791,ntp:time.google.com
16,16,-0.04037284851074219,0.0005893707275390625,15.449464799999987,1775141548.6728084,ntp:time.google.com
16,17,-0.04024302959442139,0.0005338191986083984,16.480475899999874,1775141549.7039866,ntp:time.google.com
16,18,-0.040097713470458984,0.0011281967163085938,17.519032799998968,1775141550.7423632,ntp:time.google.com
16,19,-0.040128111839294434,0.0005490779876708984,18.543755299999248,1775141551.767399,ntp:time.google.com
16,20,-0.04033303260803223,0.0009517669677734375,19.575889099998676,1775141552.7991033,ntp:time.google.com
17,1,-0.04231715202331543,0.004803657531738281,0.039990199999010656,1775141533.2700078,ntp:time.google.com
17,2,-0.03994786739349365,0.0010149478912353516,1.062128899999152,1775141534.2963932,ntp:time.google.com
17,3,-0.040050506591796875,0.00048732757568359375,2.091260899998815,1775141535.3257213,ntp:time.google.com
17,4,-0.040242671966552734,0.0006327629089355469,3.1123834999998508,1775141536.3465881,ntp:time.google.com
17,5,-0.04018843173980713,0.0007398128509521484,4.143526500000007,1775141537.3777318,ntp:time.google.com
17,6,-0.04023849964141846,0.00043272972106933594,5.174604799998633,1775141538.4089184,ntp:time.google.com
17,7,-0.04028809070587158,0.0004169940948486328,6.2049248999992415,1775141539.4392262,ntp:time.google.com
17,8,-0.040168166160583496,0.0006988048553466797,7.242474499998934,1775141540.4767463,ntp:time.google.com
17,9,-0.04027414321899414,0.0004172325134277344,8.276799699999174,1775141541.5111024,ntp:time.google.com
17,10,-0.04000973701477051,0.0010237693786621094,9.287647499999366,1775141542.5219254,ntp:time.google.com
17,11,-0.04024040699005127,0.0003616809844970703,10.310579199998756,1775141543.5449984,ntp:time.google.com
17,12,-0.04009532928466797,0.0009708404541015625,11.345280300000013,1775141544.5795264,ntp:time.google.com
17,13,-0.04014122486114502,0.0008413791656494141,12.374876699999731,1775141545.609163,ntp:time.google.com
17,14,-0.04015696048736572,0.0006749629974365234,13.405704499999047,1775141546.6400838,ntp:time.google.com
17,15,-0.04025924205780029,0.0005176067352294922,14.433747799999765,1775141547.6681113,ntp:time.google.com
17,16,-0.040160417556762695,0.0006031990051269531,15.451566599998841,1775141548.6859775,ntp:time.google.com
17,17,-0.04021477699279785,0.00043392181396484375,16.471037699999215,1775141549.7055063,ntp:time.google.com
17,18,-0.040000081062316895,0.0010106563568115234,17.51350139999886,1775141550.747906,ntp:time.google.com
17,19,-0.04027962684631348,0.00029087066650390625,18.5319142999997,1775141551.7664165,ntp:time.google.com
17,20,-0.04011034965515137,0.0012760162353515625,19.54358499999944,1775141552.77772,ntp:time.google.com
18,1,-0.044515252113342285,0.009239912033081055,0.04523270000026969,1775141533.2792823,ntp:time.google.com
18,2,-0.03994321823120117,0.0012865066528320312,1.0740564999996423,1775141534.3166215,ntp:time.google.com
18,3,-0.03994429111480713,0.0008790493011474609,2.1028771999990568,1775141535.3456757,ntp:time.google.com
18,4,-0.04023897647857666,0.0003387928009033203,3.128722800000105,1775141536.3715222,ntp:time.google.com
18,5,-0.040247559547424316,0.0003559589385986328,4.1487077999991016,1775141537.391506,ntp:time.google.com
18,6,-0.04028511047363281,0.0004172325134277344,5.1774929000002885,1775141538.4202347,ntp:time.google.com
18,7,-0.04013979434967041,0.0006029605865478516,6.218330899999273,1775141539.4611263,ntp:time.google.com
18,8,-0.04011976718902588,0.0006773471832275391,7.240553699999509,1775141540.4833474,ntp:time.google.com
18,9,-0.04009354114532471,0.0007846355438232422,8.269638699999632,1775141541.512415,ntp:time.google.com
18,10,-0.039084434509277344,0.0026640892028808594,9.28636430000006,1775141542.5292137,ntp:time.google.com
18,11,-0.04023611545562744,0.0003521442413330078,10.305344499998682,1775141543.5482173,ntp:time.google.com
18,12,-0.0399012565612793,0.0014004707336425781,11.33954619999895,1775141544.5822232,ntp:time.google.com
18,13,-0.04014396667480469,0.0008497238159179688,12.369591799999398,1775141545.612317,ntp:time.google.com
18,14,-0.03979778289794922,0.0014061927795410156,13.400943200000256,1775141546.643746,ntp:time.google.com
18,15,-0.04031360149383545,0.0003426074981689453,14.426789999999528,1775141547.6696362,ntp:time.google.com
18,16,-0.04028177261352539,0.0002655982971191406,15.448997800000143,1775141548.6919193,ntp:time.google.com
18,17,-0.04019618034362793,0.0005702972412109375,16.478108499999507,1775141549.720974,ntp:time.google.com
18,18,-0.0402987003326416,0.00023365020751953125,17.505936399998973,1775141550.7488844,ntp:time.google.com
18,19,-0.040282368659973145,0.0003287792205810547,18.528212999999596,1775141551.7711256,ntp:time.google.com
18,20,-0.0403134822845459,0.0006628036499023438,19.55628869999964,1775141552.7989962,ntp:time.google.com
19,1,-0.042673349380493164,0.005604743957519531,0.042644299999665236,1775141533.2934425,ntp:time.google.com
19,2,-0.039809584617614746,0.0012600421905517578,1.0754777000001923,1775141534.331286,ntp:time.google.com
19,3,-0.039894819259643555,0.0008311271667480469,2.105724500001088,1775141535.3616982,ntp:time.google.com
19,4,-0.040180325508117676,0.0005314350128173828,3.1346420000008948,1775141536.3904972,ntp:time.google.com
19,5,-0.040300846099853516,0.00043487548828125,4.140720200000942,1775141537.3965151,ntp:time.google.com
19,6,-0.04024958610534668,0.0005059242248535156,5.167531700000836,1775141538.423352,ntp:time.google.com
19,7,-0.04018115997314453,0.0007128715515136719,6.207132800000181,1775141539.4629145,ntp:time.google.com
19,8,-0.04023122787475586,0.000446319580078125,7.229550500000187,1775141540.4854457,ntp:time.google.com
19,9,-0.040328264236450195,0.00042247772216796875,8.258108699999866,1775141541.513886,ntp:time.google.com
19,10,-0.03981626033782959,0.0012252330780029297,9.277758000000176,1775141542.533687,ntp:time.google.com
19,11,-0.040276408195495605,0.0003807544708251953,10.306322399999772,1775141543.5622377,ntp:time.google.com
19,12,-0.040097594261169434,0.0007140636444091797,11.34040719999939,1775141544.596328,ntp:time.google.com
19,13,-0.04002261161804199,0.0010781288146972656,12.372549499999877,1775141545.628377,ntp:time.google.com
19,14,-0.04000532627105713,0.0010502338409423828,13.406388100000186,1775141546.6622524,ntp:time.google.com
19,15,-0.04019474983215332,0.00036716461181640625,14.43159999999989,1775141547.6876423,ntp:time.google.com
19,16,-0.040009140968322754,0.0013096332550048828,15.468095300000641,1775141548.7238235,ntp:time.google.com
19,17,-0.040290236473083496,0.0006263256072998047,16.494665899999745,1775141549.7504728,ntp:time.google.com
19,18,-0.04023325443267822,0.0005915164947509766,17.52597330000026,1775141550.7818966,ntp:time.google.com
19,19,-0.04025614261627197,0.0004513263702392578,18.556250499999805,1775141551.8122323,ntp:time.google.com
19,20,-0.04038691520690918,0.0007691383361816406,19.565305699999954,1775141552.8209646,ntp:time.google.com
20,1,-0.04003012180328369,0.00042700767517089844,0.048298400000931,1775141533.3146532,ntp:time.google.com
20,2,-0.03979992866516113,0.0010876655578613281,1.0827762000008079,1775141534.3490348,ntp:time.google.com
20,3,-0.03976607322692871,0.0010089874267578125,2.1128580999993574,1775141535.3791957,ntp:time.google.com
20,4,-0.04015648365020752,0.0009753704071044922,3.1455210000003717,1775141536.4114745,ntp:time.google.com
20,5,-0.040195584297180176,0.00038170814514160156,4.1708042999998725,1775141537.4370627,ntp:time.google.com
20,6,-0.04021573066711426,0.0005159378051757812,5.202883300000394,1775141538.4690642,ntp:time.google.com
20,7,-0.0401301383972168,0.0009770393371582031,6.238162999999986,1775141539.5041773,ntp:time.google.com
20,8,-0.040154337882995605,0.0005052089691162109,7.265302300000258,1775141540.5315638,ntp:time.google.com
20,9,-0.04006922245025635,0.0007498264312744141,8.28440700000101,1775141541.5506327,ntp:time.google.com
20,10,-0.04007256031036377,0.0007059574127197266,9.313453799999479,1775141542.579715,ntp:time.google.com
20,11,-0.0402907133102417,0.0003554821014404297,10.332344899999953,1775141543.5985773,ntp:time.google.com
20,12,-0.0402904748916626,0.0002453327178955078,11.356893199999831,1775141544.6231976,ntp:time.google.com
20,13,-0.04016852378845215,0.0006589889526367188,12.367482199999358,1775141545.6337032,ntp:time.google.com
20,14,-0.04017150402069092,0.0006806850433349609,13.399562000000515,1775141546.6657753,ntp:time.google.com
20,15,-0.0402836799621582,0.0003695487976074219,14.424794599999586,1775141547.6910713,ntp:time.google.com
20,16,-0.0400547981262207,0.0008873939514160156,15.468097700000726,1775141548.7343578,ntp:time.google.com
20,17,-0.04005122184753418,0.0012121200561523438,16.50230399999964,1775141549.7683778,ntp:time.google.com
20,18,-0.040315985679626465,0.00039076805114746094,17.536155899999358,1775141550.8024223,ntp:time.google.com
20,19,-0.04024636745452881,0.00047659873962402344,18.548869399999603,1775141551.8151784,ntp:time.google.com
20,20,-0.04012322425842285,0.0011324882507324219,19.58386100000098,1775141552.8499253,ntp:time.google.com
21,1,-0.04002499580383301,0.0003705024719238281,0.03847019999921031,1775141533.3156636,ntp:time.google.com
21,2,-0.03991138935089111,0.0007722377777099609,1.0735040999988996,1775141534.350624,ntp:time.google.com
21,3,-0.04005122184753418,0.0003795623779296875,2.1003917999987607,1775141535.3775685,ntp:time.google.com
21,4,-0.04010319709777832,0.0011181831359863281,3.1287492999999813,1775141536.4054875,ntp:time.google.com
21,5,-0.040207624435424805,0.000530242919921875,4.157892599998377,1775141537.4348714,ntp:time.google.com
21,6,-0.04023146629333496,0.0004944801330566406,5.174861199999214,1775141538.4518452,ntp:time.google.com
21,7,-0.040184855461120605,0.0008952617645263672,6.20953869999903,1775141539.486346,ntp:time.google.com
21,8,-0.0401686429977417,0.0004546642303466797,7.239304299999276,1775141540.5163884,ntp:time.google.com
21,9,-0.04031646251678467,0.0005743503570556641,8.246210100000098,1775141541.523076,ntp:time.google.com
21,10,-0.04020261764526367,0.0006456375122070312,9.26064309999856,1775141542.5376048,ntp:time.google.com
21,11,-0.04028511047363281,0.0002760887145996094,10.285096599998724,1775141543.5621908,ntp:time.google.com
21,12,-0.04014992713928223,0.0006089210510253906,11.32027239999843,1775141544.5973322,ntp:time.google.com
21,13,-0.03982079029083252,0.001299142837524414,12.353885999998965,1775141545.6309469,ntp:time.google.com
21,14,-0.04018223285675049,0.0007627010345458984,13.388201599998865,1775141546.6651723,ntp:time.google.com
21,15,-0.04024147987365723,0.0003342628479003906,14.411015099998622,1775141547.688167,ntp:time.google.com
21,16,-0.03999686241149902,0.0013265609741210938,15.452670899998338,1775141548.7295346,ntp:time.google.com
21,17,-0.040195584297180176,0.0007302761077880859,16.47549379999873,1775141549.752494,ntp:time.google.com
21,18,-0.04028892517089844,0.0003647804260253906,17.505262999999104,1775141550.7823825,ntp:time.google.com
21,19,-0.04026830196380615,0.0005824565887451172,18.5352383999998,1775141551.8122804,ntp:time.google.com
21,20,-0.040270209312438965,0.0006296634674072266,19.565662999999404,1775141552.842645,ntp:time.google.com
22,1,-0.04004240036010742,0.0004763603210449219,0.030334399998537265,1775141533.3182232,ntp:time.google.com
22,2,-0.04002201557159424,0.0005075931549072266,1.0663619999995717,1775141534.3542628,ntp:time.google.com
22,3,-0.04003727436065674,0.0004923343658447266,2.0949874999987514,1775141535.3828857,ntp:time.google.com
22,4,-0.040000319480895996,0.0012309551239013672,3.1361175999991246,1775141536.4236782,ntp:time.google.com
22,5,-0.04016685485839844,0.0004734992980957031,4.1642862999997305,1775141537.45206,ntp:time.google.com
22,6,-0.040225982666015625,0.0004296302795410156,5.184334699999454,1775141538.4720902,ntp:time.google.com
22,7,-0.040077805519104004,0.001043558120727539,6.2182103999984975,1775141539.5058205,ntp:time.google.com
22,8,-0.04021048545837402,0.0005788803100585938,7.246026699998765,1775141540.5337665,ntp:time.google.com
22,9,-0.040206193923950195,0.0004849433898925781,8.26577129999896,1775141541.553545,ntp:time.google.com
22,10,-0.04012298583984375,0.0007328987121582031,9.292991000000256,1775141542.5807526,ntp:time.google.com
22,11,-0.04026639461517334,0.00044989585876464844,10.312513799999579,1775141543.6002932,ntp:time.google.com
22,12,-0.04023432731628418,0.00034236907958984375,11.33586269999978,1775141544.6237419,ntp:time.google.com
22,13,-0.04031729698181152,0.0004296302795410156,12.350320300000021,1775141545.63808,ntp:time.google.com
22,14,-0.040247440338134766,0.000545501708984375,13.38067349999983,1775141546.6684475,ntp:time.google.com
22,15,-0.040274858474731445,0.0003638267517089844,14.404757099999188,1775141547.6926177,ntp:time.google.com
22,16,-0.040194153785705566,0.00047659873962402344,15.450871399998505,1775141548.7387595,ntp:time.google.com
22,17,-0.039984941482543945,0.0011162757873535156,16.483754699998826,1775141549.7715302,ntp:time.google.com
22,18,-0.040290236473083496,0.0005714893341064453,17.514705199999298,1775141550.8024716,ntp:time.google.com
22,19,-0.0401989221572876,0.0004317760467529297,18.527133599998706,1775141551.8150775,ntp:time.google.com
22,20,-0.040135979652404785,0.0008342266082763672,19.565911399999095,1775141552.8536856,ntp:time.google.com
23,1,-0.03999793529510498,0.0005595684051513672,0.02129380000042147,1775141533.3200068,ntp:time.google.com
23,2,-0.0399782657623291,0.0004239082336425781,1.0569556999998895,1775141534.355766,ntp:time.google.com
23,3,-0.040068626403808594,0.000457763671875,2.0846397999994224,1775141535.3833437,ntp:time.google.com
23,4,-0.04002022743225098,0.0013074874877929688,3.118155399999523,1775141536.4164586,ntp:time.google.com
23,5,-0.04016101360321045,0.0006268024444580078,4.141441699999632,1775141537.4399953,ntp:time.google.com
23,6,-0.04017984867095947,0.0004112720489501953,5.174541700000191,1775141538.4732003,ntp:time.google.com
23,7,-0.04007256031036377,0.0007956027984619141,6.215841799999907,1775141539.5144176,ntp:time.google.com
23,8,-0.04003012180328369,0.0013191699981689453,7.257388300000457,1775141540.5557115,ntp:time.google.com
23,9,-0.04025137424468994,0.0005671977996826172,8.26735699999881,1775141541.5658753,ntp:time.google.com
23,10,-0.04021263122558594,0.0004119873046875,9.288386799998989,1775141542.5870452,ntp:time.google.com
23,11,-0.04024302959442139,0.00034737586975097656,10.311591100000442,1775141543.6102726,ntp:time.google.com
23,12,-0.04017651081085205,0.0005905628204345703,11.340369199999259,1775141544.6390014,ntp:time.google.com
23,13,-0.040050625801086426,0.0007393360137939453,12.360035899999275,1775141545.65873,ntp:time.google.com
23,14,-0.040140628814697266,0.0008692741394042969,13.393596099998831,1775141546.6921291,ntp:time.google.com
23,15,-0.04023754596710205,0.00040078163146972656,14.423340299999836,1775141547.7220364,ntp:time.google.com
23,16,-0.0401763916015625,0.0007314682006835938,15.453619300000355,1775141548.7521908,ntp:time.google.com
23,17,-0.040260910987854004,0.0007665157318115234,16.480581300000267,1775141549.7790754,ntp:time.google.com
23,18,-0.04038810729980469,0.0005927085876464844,17.5040312000001,1775141550.8025177,ntp:time.google.com
23,19,-0.04032778739929199,0.00048732757568359375,18.519716200000403,1775141551.8182983,ntp:time.google.com
23,20,-0.040008544921875,0.0009980201721191406,19.561229199998706,1775141552.8598835,ntp:time.google.com
24,1,-0.040047526359558105,0.0004642009735107422,0.02199319999999716,1775141533.3285599,ntp:time.google.com
24,2,-0.04003024101257324,0.0005369186401367188,1.0562848999998096,1775141534.3628404,ntp:time.google.com
24,3,-0.04008340835571289,0.0005207061767578125,2.0844132999991416,1775141535.3909187,ntp:time.google.com
24,4,-0.04022812843322754,0.0005316734313964844,3.1258617999992566,1775141536.4322278,ntp:time.google.com
24,5,-0.040276408195495605,0.00039315223693847656,4.14667339999869,1775141537.4530883,ntp:time.google.com
24,6,-0.040221214294433594,0.00039577484130859375,5.166760699999941,1775141538.473273,ntp:time.google.com
24,7,-0.04013931751251221,0.0009090900421142578,6.206516199999896,1775141539.512818,ntp:time.google.com
24,8,-0.04026997089385986,0.0006134510040283203,7.232043599999088,1775141540.5383792,ntp:time.google.com
24,9,-0.040242910385131836,0.0007185935974121094,8.252096399999573,1775141541.558367,ntp:time.google.com
24,10,-0.040168046951293945,0.0007376670837402344,9.279785999999149,1775141542.5861807,ntp:time.google.com
24,11,-0.04021751880645752,0.00032401084899902344,10.301664799999344,1775141543.608236,ntp:time.google.com
24,12,-0.040251851081848145,0.00027298927307128906,11.319700199999716,1775141544.6262777,ntp:time.google.com
24,13,-0.04023444652557373,0.0004031658172607422,12.347587000000203,1775141545.6541197,ntp:time.google.com
24,14,-0.040061354637145996,0.001028299331665039,13.381076099998609,1775141546.6874666,ntp:time.google.com
24,15,-0.04021143913269043,0.0005369186401367188,14.410848599998644,1775141547.7173524,ntp:time.google.com
24,16,-0.04006648063659668,0.0007266998291015625,15.433276899999328,1775141548.7398481,ntp:time.google.com
24,17,-0.040167808532714844,0.0006070137023925781,16.469055800000206,1775141549.7755964,ntp:time.google.com
24,18,-0.040345072746276855,0.00031828880310058594,17.49582659999942,1775141550.8023396,ntp:time.google.com
24,19,-0.04019284248352051,0.0003600120544433594,18.508966999999757,1775141551.8156335,ntp:time.google.com
24,20,-0.04031693935394287,0.0006883144378662109,19.55144239999936,1775141552.8577886,ntp:time.google.com
25,1,-0.04001748561859131,0.0005238056182861328,0.01631199999974342,1775141533.3270042,ntp:time.google.com
25,2,-0.040055036544799805,0.00049591064453125,1.0497200999998313,1775141534.3603973,ntp:time.google.com
25,3,-0.04010665416717529,0.0004513263702392578,2.079055199999857,1775141535.3897076,ntp:time.google.com
25,4,-0.04008924961090088,0.0012423992156982422,3.1159590999996,1775141536.4262376,ntp:time.google.com
25,5,-0.04027211666107178,0.0003960132598876953,4.143539200000305,1775141537.4540849,ntp:time.google.com
25,6,-0.040187835693359375,0.0003838539123535156,5.165665299999091,1775141538.4763129,ntp:time.google.com
25,7,-0.04000425338745117,0.0010156631469726562,6.208593600000313,1775141539.519115,ntp:time.google.com
25,8,-0.04012250900268555,0.0010766983032226562,7.2549179999987246,1775141540.5652678,ntp:time.google.com
25,9,-0.040155887603759766,0.0007596015930175781,8.263144399999874,1775141541.5736384,ntp:time.google.com
25,10,-0.040274858474731445,0.0004124641418457031,9.281455999998798,1775141542.5920205,ntp:time.google.com
25,11,-0.04022562503814697,0.0003368854522705078,10.310861299998578,1775141543.6215491,ntp:time.google.com
25,12,-0.04023730754852295,0.00046515464782714844,11.329397599998629,1775141544.640014,ntp:time.google.com
25,13,-0.040267109870910645,0.0007245540618896484,12.361871199998859,1775141545.672302,ntp:time.google.com
25,14,-0.04014873504638672,0.0010313987731933594,13.395112700000027,1775141546.7055225,ntp:time.google.com
25,15,-0.04022502899169922,0.0006303787231445312,14.425954199999978,1775141547.7365131,ntp:time.google.com
25,16,-0.04021596908569336,0.0006341934204101562,15.460058599999684,1775141548.7706459,ntp:time.google.com
25,17,-0.040081024169921875,0.0010156631469726562,16.490927400000146,1775141549.801455,ntp:time.google.com
25,18,-0.04031026363372803,0.0003254413604736328,17.498296499999924,1775141550.8089657,ntp:time.google.com
25,19,-0.0404285192489624,0.0007727146148681641,18.516560799998842,1775141551.826908,ntp:time.google.com
25,20,-0.04024827480316162,0.0003936290740966797,19.553217299999233,1775141552.86394,ntp:time.google.com
